{"cameraMode":{"drawMode":0,"name":"Shaded","section":"Shading Mode"},"sceneLighting":true,"audioPlay":false,"sceneViewState":{"showFog":true,"showMaterialUpdate":true,"showSkybox":true,"showFlares":true,"showImageEffects":true,"showParticleSystems":true},"in2DMode":false,"pivot":{"x":463.4237060546875,"y":321.6213684082031,"z":103.50907897949219},"rotation":{"x":0.1607436239719391,"y":-0.5459287762641907,"z":-0.10765879601240158,"w":-0.8152094483375549},"size":313.3649597167969,"orthographic":false}